"","testing_high","prob"
"1",1,0.413729822742124
"13",0,0.00019715574649204
"14",0,1.85530359190874e-08
"21",0,0.00440122181338536
"23",1,0.887643063316485
"24",0,0.998638625292444
